Torneo,Categoria,Fecha,Link,Repeticiones,match_id
SUMMER LEAGUE 2026,PRIMERA A,Fecha 1,https://www.overtimebasquet.com/matchStats?match=6960e7fd42fb4e1cdc870b00&subtournament=695e8bd1a8a9c60a4514789e&tournament=695e8b7da8a9c60a4514787e,1,1
SUMMER LEAGUE 2026,PRIMERA A,Fecha 1,https://www.overtimebasquet.com/matchStats?match=6960e81242fb4e1cdc870b1d&subtournament=695e8bd1a8a9c60a4514789e&tournament=695e8b7da8a9c60a4514787e,1,2
SUMMER LEAGUE 2026,PRIMERA A,Fecha 1,https://www.overtimebasquet.com/matchStats?match=6960e82942fb4e1cdc870b3a&subtournament=695e8bd1a8a9c60a4514789e&tournament=695e8b7da8a9c60a4514787e,1,3
SUMMER LEAGUE 2026,PRIMERA A,Fecha 1,https://www.overtimebasquet.com/matchStats?match=6960e83f42fb4e1cdc870b57&subtournament=695e8bd1a8a9c60a4514789e&tournament=695e8b7da8a9c60a4514787e,1,4
SUMMER LEAGUE 2026,PRIMERA A,Fecha 2,https://www.overtimebasquet.com/matchStats?match=6960e99542fb4e1cdc870ce5&subtournament=695e8bd1a8a9c60a4514789e&tournament=695e8b7da8a9c60a4514787e,1,5
SUMMER LEAGUE 2026,PRIMERA A,Fecha 2,https://www.overtimebasquet.com/matchStats?match=6960e95142fb4e1cdc870c83&subtournament=695e8bd1a8a9c60a4514789e&tournament=695e8b7da8a9c60a4514787e,1,6
SUMMER LEAGUE 2026,PRIMERA A,Fecha 2,https://www.overtimebasquet.com/matchStats?match=6960e96742fb4e1cdc870ca4&subtournament=695e8bd1a8a9c60a4514789e&tournament=695e8b7da8a9c60a4514787e,1,7
SUMMER LEAGUE 2026,PRIMERA A,Fecha 2,https://www.overtimebasquet.com/matchStats?match=6960e97a42fb4e1cdc870cc5&subtournament=695e8bd1a8a9c60a4514789e&tournament=695e8b7da8a9c60a4514787e,1,8
SUMMER LEAGUE 2026,PRIMERA A,Fecha 3,https://www.overtimebasquet.com/matchStats?match=6960e9b642fb4e1cdc870d06&subtournament=695e8bd1a8a9c60a4514789e&tournament=695e8b7da8a9c60a4514787e,1,9
SUMMER LEAGUE 2026,PRIMERA A,Fecha 3,https://www.overtimebasquet.com/matchStats?match=6960e9cf42fb4e1cdc870d2c&subtournament=695e8bd1a8a9c60a4514789e&tournament=695e8b7da8a9c60a4514787e,1,10
SUMMER LEAGUE 2026,PRIMERA A,Fecha 3,https://www.overtimebasquet.com/matchStats?match=6960ea0a42fb4e1cdc870d4c&subtournament=695e8bd1a8a9c60a4514789e&tournament=695e8b7da8a9c60a4514787e,1,11
SUMMER LEAGUE 2026,PRIMERA A,Fecha 3,https://www.overtimebasquet.com/matchStats?match=6960ea5942fb4e1cdc870d73&subtournament=695e8bd1a8a9c60a4514789e&tournament=695e8b7da8a9c60a4514787e,1,12
SUMMER LEAGUE 2026,PRIMERA A,Fecha 4,https://www.overtimebasquet.com/matchStats?match=697b665efa92df2ea718ce7c&subtournament=695e8bd1a8a9c60a4514789e&tournament=695e8b7da8a9c60a4514787e,1,13
SUMMER LEAGUE 2026,PRIMERA A,Fecha 4,https://www.overtimebasquet.com/matchStats?match=697b6673fa92df2ea718cee3&subtournament=695e8bd1a8a9c60a4514789e&tournament=695e8b7da8a9c60a4514787e,1,14
SUMMER LEAGUE 2026,PRIMERA A,Fecha 4,https://www.overtimebasquet.com/matchStats?match=697b6689fa92df2ea718cf57&subtournament=695e8bd1a8a9c60a4514789e&tournament=695e8b7da8a9c60a4514787e,1,15
SUMMER LEAGUE 2026,PRIMERA A,Fecha 4,https://www.overtimebasquet.com/matchStats?match=697b669bfa92df2ea718cfc9&subtournament=695e8bd1a8a9c60a4514789e&tournament=695e8b7da8a9c60a4514787e,1,16
SUMMER LEAGUE 2026,PRIMERA A,Fecha 5,https://www.overtimebasquet.com/matchStats?match=6989e5a50fbe0852cf13c401&subtournament=695e8bd1a8a9c60a4514789e&tournament=695e8b7da8a9c60a4514787e,1,17
SUMMER LEAGUE 2026,PRIMERA A,Fecha 5,https://www.overtimebasquet.com/matchStats?match=6989e5ba0fbe0852cf13c4b6&subtournament=695e8bd1a8a9c60a4514789e&tournament=695e8b7da8a9c60a4514787e,1,18
SUMMER LEAGUE 2026,PRIMERA A,Fecha 6,https://www.overtimebasquet.com/matchStats?match=6992fb6bb539cec5471e8aa3&subtournament=695e8bd1a8a9c60a4514789e&tournament=695e8b7da8a9c60a4514787e,1,19
SUMMER LEAGUE 2026,PRIMERA B,Fecha 1,https://www.overtimebasquet.com/matchStats?match=6960e85b42fb4e1cdc870b71&subtournament=695e8bdda8a9c60a451478a9&tournament=695e8b7da8a9c60a4514787e,1,20
SUMMER LEAGUE 2026,PRIMERA B,Fecha 1,https://www.overtimebasquet.com/matchStats?match=6960e88042fb4e1cdc870ba7&subtournament=695e8bdda8a9c60a451478a9&tournament=695e8b7da8a9c60a4514787e,1,21
SUMMER LEAGUE 2026,PRIMERA B,Fecha 1,https://www.overtimebasquet.com/matchStats?match=6960e8ac42fb4e1cdc870bc4&subtournament=695e8bdda8a9c60a451478a9&tournament=695e8b7da8a9c60a4514787e,1,22
SUMMER LEAGUE 2026,PRIMERA B,Fecha 1,https://www.overtimebasquet.com/matchStats?match=6960e8bf42fb4e1cdc870be0&subtournament=695e8bdda8a9c60a451478a9&tournament=695e8b7da8a9c60a4514787e,1,23
SUMMER LEAGUE 2026,PRIMERA B,Fecha 2,https://www.overtimebasquet.com/matchStats?match=6960e93b42fb4e1cdc870c62&subtournament=695e8bdda8a9c60a451478a9&tournament=695e8b7da8a9c60a4514787e,1,24
SUMMER LEAGUE 2026,PRIMERA B,Fecha 2,https://www.overtimebasquet.com/matchStats?match=6960e8fa42fb4e1cdc870c01&subtournament=695e8bdda8a9c60a451478a9&tournament=695e8b7da8a9c60a4514787e,1,25
SUMMER LEAGUE 2026,PRIMERA B,Fecha 2,https://www.overtimebasquet.com/matchStats?match=6960e91142fb4e1cdc870c21&subtournament=695e8bdda8a9c60a451478a9&tournament=695e8b7da8a9c60a4514787e,1,26
SUMMER LEAGUE 2026,PRIMERA B,Fecha 2,https://www.overtimebasquet.com/matchStats?match=6960e92342fb4e1cdc870c42&subtournament=695e8bdda8a9c60a451478a9&tournament=695e8b7da8a9c60a4514787e,1,27
SUMMER LEAGUE 2026,PRIMERA B,Fecha 3,https://www.overtimebasquet.com/matchStats?match=6960ed5b42fb4e1cdc870da9&subtournament=695e8bdda8a9c60a451478a9&tournament=695e8b7da8a9c60a4514787e,1,28
SUMMER LEAGUE 2026,PRIMERA B,Fecha 3,https://www.overtimebasquet.com/matchStats?match=6960ed7542fb4e1cdc870dc9&subtournament=695e8bdda8a9c60a451478a9&tournament=695e8b7da8a9c60a4514787e,1,29
SUMMER LEAGUE 2026,PRIMERA B,Fecha 3,https://www.overtimebasquet.com/matchStats?match=6960ed8842fb4e1cdc870dea&subtournament=695e8bdda8a9c60a451478a9&tournament=695e8b7da8a9c60a4514787e,1,30
SUMMER LEAGUE 2026,PRIMERA B,Fecha 3,https://www.overtimebasquet.com/matchStats?match=6960ef0042fb4e1cdc870f40&subtournament=695e8bdda8a9c60a451478a9&tournament=695e8b7da8a9c60a4514787e,1,31
SUMMER LEAGUE 2026,PRIMERA B,Fecha 4,https://www.overtimebasquet.com/matchStats?match=697b66b2fa92df2ea718d056&subtournament=695e8bdda8a9c60a451478a9&tournament=695e8b7da8a9c60a4514787e,1,32
SUMMER LEAGUE 2026,PRIMERA B,Fecha 4,https://www.overtimebasquet.com/matchStats?match=697b66c4fa92df2ea718d0c3&subtournament=695e8bdda8a9c60a451478a9&tournament=695e8b7da8a9c60a4514787e,1,33
SUMMER LEAGUE 2026,PRIMERA B,Fecha 4,https://www.overtimebasquet.com/matchStats?match=697b66d7fa92df2ea718d152&subtournament=695e8bdda8a9c60a451478a9&tournament=695e8b7da8a9c60a4514787e,1,34
SUMMER LEAGUE 2026,PRIMERA B,Fecha 4,https://www.overtimebasquet.com/matchStats?match=697b66ebfa92df2ea718d1e0&subtournament=695e8bdda8a9c60a451478a9&tournament=695e8b7da8a9c60a4514787e,1,35
SUMMER LEAGUE 2026,PRIMERA B,Fecha 5,https://www.overtimebasquet.com/matchStats?match=6989e5cb0fbe0852cf13c556&subtournament=695e8bdda8a9c60a451478a9&tournament=695e8b7da8a9c60a4514787e,1,36
SUMMER LEAGUE 2026,PRIMERA B,Fecha 5,https://www.overtimebasquet.com/matchStats?match=6989e5df0fbe0852cf13c60b&subtournament=695e8bdda8a9c60a451478a9&tournament=695e8b7da8a9c60a4514787e,1,37
SUMMER LEAGUE 2026,PRIMERA B,Fecha 6,https://www.overtimebasquet.com/matchStats?match=6992fb86b539cec5471e8b76&subtournament=695e8bdda8a9c60a451478a9&tournament=695e8b7da8a9c60a4514787e,1,38
TORNEO APERTURA 2026,PRIMERA A,Fecha 1,https://www.overtimebasquet.com/matchStats?match=69a233af75935f3eb90f9b35&subtournament=698e631875876deb3b700f93&tournament=698e5f8a75876deb3b700f2f,1,39
TORNEO APERTURA 2026,PRIMERA A,Fecha 1,https://www.overtimebasquet.com/matchStats?match=69a233c375935f3eb90f9b50&subtournament=698e631875876deb3b700f93&tournament=698e5f8a75876deb3b700f2f,1,40
TORNEO APERTURA 2026,PRIMERA A,Fecha 1,https://www.overtimebasquet.com/matchStats?match=69a233d775935f3eb90f9b6b&subtournament=698e631875876deb3b700f93&tournament=698e5f8a75876deb3b700f2f,1,41
TORNEO APERTURA 2026,PRIMERA A,Fecha 1,https://www.overtimebasquet.com/matchStats?match=69a2341475935f3eb90f9bbc&subtournament=698e631875876deb3b700f93&tournament=698e5f8a75876deb3b700f2f,1,42
TORNEO APERTURA 2026,PRIMERA A,Fecha 1,https://www.overtimebasquet.com/matchStats?match=69a233fa75935f3eb90f9ba1&subtournament=698e631875876deb3b700f93&tournament=698e5f8a75876deb3b700f2f,1,43
TORNEO APERTURA 2026,PRIMERA A,Fecha 1,https://www.overtimebasquet.com/matchStats?match=69a233e975935f3eb90f9b86&subtournament=698e631875876deb3b700f93&tournament=698e5f8a75876deb3b700f2f,1,44
TORNEO APERTURA 2026,PRIMERA A,Fecha 2,https://www.overtimebasquet.com/matchStats?match=69aec3c29c0817b162c12642&subtournament=698e631875876deb3b700f93&tournament=698e5f8a75876deb3b700f2f,1,45
TORNEO APERTURA 2026,PRIMERA A,Fecha 2,https://www.overtimebasquet.com/matchStats?match=69aec3e39c0817b162c1269d&subtournament=698e631875876deb3b700f93&tournament=698e5f8a75876deb3b700f2f,1,46
TORNEO APERTURA 2026,PRIMERA A,Fecha 2,https://www.overtimebasquet.com/matchStats?match=69aec3fa9c0817b162c126ee&subtournament=698e631875876deb3b700f93&tournament=698e5f8a75876deb3b700f2f,1,47
TORNEO APERTURA 2026,PRIMERA A,Fecha 2,https://www.overtimebasquet.com/matchStats?match=69aec4159c0817b162c12740&subtournament=698e631875876deb3b700f93&tournament=698e5f8a75876deb3b700f2f,1,48
TORNEO APERTURA 2026,PRIMERA A,Fecha 2,https://www.overtimebasquet.com/matchStats?match=69aec42f9c0817b162c12793&subtournament=698e631875876deb3b700f93&tournament=698e5f8a75876deb3b700f2f,1,49
TORNEO APERTURA 2026,PRIMERA A,Fecha 2,https://www.overtimebasquet.com/matchStats?match=69aec44b9c0817b162c127fa&subtournament=698e631875876deb3b700f93&tournament=698e5f8a75876deb3b700f2f,1,50
TORNEO APERTURA 2026,PRIMERA A,Fecha 3,https://www.overtimebasquet.com/matchStats?match=69b474c83a625bf563a15da6&subtournament=698e631875876deb3b700f93&tournament=698e5f8a75876deb3b700f2f,1,51
TORNEO APERTURA 2026,PRIMERA A,Fecha 3,https://www.overtimebasquet.com/matchStats?match=69b7eed89a0728ba245f02e1&subtournament=698e631875876deb3b700f93&tournament=698e5f8a75876deb3b700f2f,1,52
TORNEO APERTURA 2026,PRIMERA A,Fecha 3,https://www.overtimebasquet.com/matchStats?match=69b7ef099a0728ba245f034f&subtournament=698e631875876deb3b700f93&tournament=698e5f8a75876deb3b700f2f,1,53
TORNEO APERTURA 2026,PRIMERA A,Fecha 3,https://www.overtimebasquet.com/matchStats?match=69b7ef1c9a0728ba245f03a6&subtournament=698e631875876deb3b700f93&tournament=698e5f8a75876deb3b700f2f,1,54
TORNEO APERTURA 2026,PRIMERA A,Fecha 3,https://www.overtimebasquet.com/matchStats?match=69b7ef349a0728ba245f03fd&subtournament=698e631875876deb3b700f93&tournament=698e5f8a75876deb3b700f2f,1,55
TORNEO APERTURA 2026,PRIMERA A,Fecha 3,https://www.overtimebasquet.com/matchStats?match=69b7ef4f9a0728ba245f045a&subtournament=698e631875876deb3b700f93&tournament=698e5f8a75876deb3b700f2f,1,56
TORNEO APERTURA 2026,PRIMERA A,Fecha 4,https://www.overtimebasquet.com/matchStats?match=69c120dfc7b9e0c27faacab3&subtournament=698e631875876deb3b700f93&tournament=698e5f8a75876deb3b700f2f,1,57
TORNEO APERTURA 2026,PRIMERA A,Fecha 4,https://www.overtimebasquet.com/matchStats?match=69c120fbc7b9e0c27faacb64&subtournament=698e631875876deb3b700f93&tournament=698e5f8a75876deb3b700f2f,1,58
TORNEO APERTURA 2026,PRIMERA A,Fecha 4,https://www.overtimebasquet.com/matchStats?match=69c1211ac7b9e0c27faacbd0&subtournament=698e631875876deb3b700f93&tournament=698e5f8a75876deb3b700f2f,1,59
TORNEO APERTURA 2026,PRIMERA A,Fecha 4,https://www.overtimebasquet.com/matchStats?match=69c1213cc7b9e0c27faacc3c&subtournament=698e631875876deb3b700f93&tournament=698e5f8a75876deb3b700f2f,1,60
TORNEO APERTURA 2026,PRIMERA A,Fecha 4,https://www.overtimebasquet.com/matchStats?match=69c1219ac7b9e0c27faace90&subtournament=698e631875876deb3b700f93&tournament=698e5f8a75876deb3b700f2f,1,61
TORNEO APERTURA 2026,PRIMERA A,Fecha 5,https://www.overtimebasquet.com/matchStats?match=69ca6e7c6de61e7caa3c8075&subtournament=698e631875876deb3b700f93&tournament=698e5f8a75876deb3b700f2f,1,62
TORNEO APERTURA 2026,PRIMERA A,Fecha 5,https://www.overtimebasquet.com/matchStats?match=69ca6e946de61e7caa3c8190&subtournament=698e631875876deb3b700f93&tournament=698e5f8a75876deb3b700f2f,1,63
TORNEO APERTURA 2026,PRIMERA A,Fecha 5,https://www.overtimebasquet.com/matchStats?match=69ca6ebf6de61e7caa3c8224&subtournament=698e631875876deb3b700f93&tournament=698e5f8a75876deb3b700f2f,1,64
TORNEO APERTURA 2026,PRIMERA A,Fecha 5,https://www.overtimebasquet.com/matchStats?match=69ca6edd6de61e7caa3c829f&subtournament=698e631875876deb3b700f93&tournament=698e5f8a75876deb3b700f2f,1,65
TORNEO APERTURA 2026,PRIMERA A,Fecha 5,https://www.overtimebasquet.com/matchStats?match=69ca6efd6de61e7caa3c834c&subtournament=698e631875876deb3b700f93&tournament=698e5f8a75876deb3b700f2f,1,66
TORNEO APERTURA 2026,PRIMERA B,Fecha 1,https://www.overtimebasquet.com/matchStats?match=69a2342875935f3eb90f9bd7&subtournament=698e632575876deb3b700fa0&tournament=698e5f8a75876deb3b700f2f,1,67
TORNEO APERTURA 2026,PRIMERA B,Fecha 1,https://www.overtimebasquet.com/matchStats?match=69a234a775935f3eb90f9c89&subtournament=698e632575876deb3b700fa0&tournament=698e5f8a75876deb3b700f2f,1,68
TORNEO APERTURA 2026,PRIMERA B,Fecha 1,https://www.overtimebasquet.com/matchStats?match=69a2343875935f3eb90f9bf4&subtournament=698e632575876deb3b700fa0&tournament=698e5f8a75876deb3b700f2f,1,69
TORNEO APERTURA 2026,PRIMERA B,Fecha 1,https://www.overtimebasquet.com/matchStats?match=69a2358675935f3eb90f9cfc&subtournament=698e632575876deb3b700fa0&tournament=698e5f8a75876deb3b700f2f,1,70
TORNEO APERTURA 2026,PRIMERA B,Fecha 1,https://www.overtimebasquet.com/matchStats?match=69a2344b75935f3eb90f9c11&subtournament=698e632575876deb3b700fa0&tournament=698e5f8a75876deb3b700f2f,1,71
TORNEO APERTURA 2026,PRIMERA B,Fecha 1,https://www.overtimebasquet.com/matchStats?match=69a2355575935f3eb90f9cc3&subtournament=698e632575876deb3b700fa0&tournament=698e5f8a75876deb3b700f2f,1,72
TORNEO APERTURA 2026,PRIMERA B,Fecha 1,https://www.overtimebasquet.com/matchStats?match=69a2347375935f3eb90f9c4f&subtournament=698e632575876deb3b700fa0&tournament=698e5f8a75876deb3b700f2f,1,73
TORNEO APERTURA 2026,PRIMERA B,Fecha 1,https://www.overtimebasquet.com/matchStats?match=69a2356c75935f3eb90f9cdf&subtournament=698e632575876deb3b700fa0&tournament=698e5f8a75876deb3b700f2f,1,74
TORNEO APERTURA 2026,PRIMERA B,Fecha 1,https://www.overtimebasquet.com/matchStats?match=69a2346275935f3eb90f9c31&subtournament=698e632575876deb3b700fa0&tournament=698e5f8a75876deb3b700f2f,1,75
TORNEO APERTURA 2026,PRIMERA B,Fecha 1,https://www.overtimebasquet.com/matchStats?match=69a2348575935f3eb90f9c6c&subtournament=698e632575876deb3b700fa0&tournament=698e5f8a75876deb3b700f2f,1,76
TORNEO APERTURA 2026,PRIMERA B,Fecha 1,https://www.overtimebasquet.com/matchStats?match=69a234b975935f3eb90f9ca6&subtournament=698e632575876deb3b700fa0&tournament=698e5f8a75876deb3b700f2f,1,77
TORNEO APERTURA 2026,PRIMERA B,Fecha 1,https://www.overtimebasquet.com/matchStats?match=69a235a375935f3eb90f9d1a&subtournament=698e632575876deb3b700fa0&tournament=698e5f8a75876deb3b700f2f,1,78
TORNEO APERTURA 2026,PRIMERA B,Fecha 2,https://www.overtimebasquet.com/matchStats?match=69aec49a9c0817b162c1288e&subtournament=698e632575876deb3b700fa0&tournament=698e5f8a75876deb3b700f2f,1,79
TORNEO APERTURA 2026,PRIMERA B,Fecha 2,https://www.overtimebasquet.com/matchStats?match=69aec4b59c0817b162c12918&subtournament=698e632575876deb3b700fa0&tournament=698e5f8a75876deb3b700f2f,1,80
TORNEO APERTURA 2026,PRIMERA B,Fecha 2,https://www.overtimebasquet.com/matchStats?match=69aec4d29c0817b162c1298d&subtournament=698e632575876deb3b700fa0&tournament=698e5f8a75876deb3b700f2f,1,81
TORNEO APERTURA 2026,PRIMERA B,Fecha 2,https://www.overtimebasquet.com/matchStats?match=69aec4ee9c0817b162c129f8&subtournament=698e632575876deb3b700fa0&tournament=698e5f8a75876deb3b700f2f,1,82
TORNEO APERTURA 2026,PRIMERA B,Fecha 2,https://www.overtimebasquet.com/matchStats?match=69aec5059c0817b162c12a7e&subtournament=698e632575876deb3b700fa0&tournament=698e5f8a75876deb3b700f2f,1,83
TORNEO APERTURA 2026,PRIMERA B,Fecha 2,https://www.overtimebasquet.com/matchStats?match=69aec51b9c0817b162c12ae0&subtournament=698e632575876deb3b700fa0&tournament=698e5f8a75876deb3b700f2f,1,84
TORNEO APERTURA 2026,PRIMERA B,Fecha 2,https://www.overtimebasquet.com/matchStats?match=69aec5319c0817b162c12b2a&subtournament=698e632575876deb3b700fa0&tournament=698e5f8a75876deb3b700f2f,1,85
TORNEO APERTURA 2026,PRIMERA B,Fecha 2,https://www.overtimebasquet.com/matchStats?match=69aec5479c0817b162c12b7a&subtournament=698e632575876deb3b700fa0&tournament=698e5f8a75876deb3b700f2f,1,86
TORNEO APERTURA 2026,PRIMERA B,Fecha 2,https://www.overtimebasquet.com/matchStats?match=69aec55f9c0817b162c12ba7&subtournament=698e632575876deb3b700fa0&tournament=698e5f8a75876deb3b700f2f,1,87
TORNEO APERTURA 2026,PRIMERA B,Fecha 2,https://www.overtimebasquet.com/matchStats?match=69aec5759c0817b162c12bdb&subtournament=698e632575876deb3b700fa0&tournament=698e5f8a75876deb3b700f2f,1,88
TORNEO APERTURA 2026,PRIMERA B,Fecha 2,https://www.overtimebasquet.com/matchStats?match=69aec5b49c0817b162c12c62&subtournament=698e632575876deb3b700fa0&tournament=698e5f8a75876deb3b700f2f,1,89
TORNEO APERTURA 2026,PRIMERA B,Fecha 2,https://www.overtimebasquet.com/matchStats?match=69aec5909c0817b162c12c1b&subtournament=698e632575876deb3b700fa0&tournament=698e5f8a75876deb3b700f2f,1,90
TORNEO APERTURA 2026,PRIMERA B,Fecha 3,https://www.overtimebasquet.com/matchStats?match=69b7ef659a0728ba245f04c5&subtournament=698e632575876deb3b700fa0&tournament=698e5f8a75876deb3b700f2f,1,91
TORNEO APERTURA 2026,PRIMERA B,Fecha 3,https://www.overtimebasquet.com/matchStats?match=69b7ef7d9a0728ba245f052e&subtournament=698e632575876deb3b700fa0&tournament=698e5f8a75876deb3b700f2f,1,92
TORNEO APERTURA 2026,PRIMERA B,Fecha 3,https://www.overtimebasquet.com/matchStats?match=69b7ef949a0728ba245f0579&subtournament=698e632575876deb3b700fa0&tournament=698e5f8a75876deb3b700f2f,1,93
TORNEO APERTURA 2026,PRIMERA B,Fecha 3,https://www.overtimebasquet.com/matchStats?match=69b7efa99a0728ba245f05dc&subtournament=698e632575876deb3b700fa0&tournament=698e5f8a75876deb3b700f2f,1,94
TORNEO APERTURA 2026,PRIMERA B,Fecha 3,https://www.overtimebasquet.com/matchStats?match=69b7efd59a0728ba245f06a3&subtournament=698e632575876deb3b700fa0&tournament=698e5f8a75876deb3b700f2f,1,95
TORNEO APERTURA 2026,PRIMERA B,Fecha 3,https://www.overtimebasquet.com/matchStats?match=69b7f05f9a0728ba245f084d&subtournament=698e632575876deb3b700fa0&tournament=698e5f8a75876deb3b700f2f,1,96
TORNEO APERTURA 2026,PRIMERA B,Fecha 3,https://www.overtimebasquet.com/matchStats?match=69b7f0749a0728ba245f08c8&subtournament=698e632575876deb3b700fa0&tournament=698e5f8a75876deb3b700f2f,1,97
TORNEO APERTURA 2026,PRIMERA B,Fecha 3,https://www.overtimebasquet.com/matchStats?match=69b7efea9a0728ba245f0706&subtournament=698e632575876deb3b700fa0&tournament=698e5f8a75876deb3b700f2f,1,98
TORNEO APERTURA 2026,PRIMERA B,Fecha 3,https://www.overtimebasquet.com/matchStats?match=69b7f0889a0728ba245f09dc&subtournament=698e632575876deb3b700fa0&tournament=698e5f8a75876deb3b700f2f,1,99
TORNEO APERTURA 2026,PRIMERA B,Fecha 3,https://www.overtimebasquet.com/matchStats?match=69b7f0059a0728ba245f0781&subtournament=698e632575876deb3b700fa0&tournament=698e5f8a75876deb3b700f2f,1,100
TORNEO APERTURA 2026,PRIMERA B,Fecha 3,https://www.overtimebasquet.com/matchStats?match=69b7f09c9a0728ba245f0c27&subtournament=698e632575876deb3b700fa0&tournament=698e5f8a75876deb3b700f2f,1,101
TORNEO APERTURA 2026,PRIMERA B,Fecha 3,https://www.overtimebasquet.com/matchStats?match=69b7efbf9a0728ba245f063a&subtournament=698e632575876deb3b700fa0&tournament=698e5f8a75876deb3b700f2f,1,102
TORNEO APERTURA 2026,PRIMERA B,Fecha 4,https://www.overtimebasquet.com/matchStats?match=69c123cac7b9e0c27faad66d&subtournament=698e632575876deb3b700fa0&tournament=698e5f8a75876deb3b700f2f,1,103
TORNEO APERTURA 2026,PRIMERA B,Fecha 4,https://www.overtimebasquet.com/matchStats?match=69c12417c7b9e0c27faad6da&subtournament=698e632575876deb3b700fa0&tournament=698e5f8a75876deb3b700f2f,1,104
TORNEO APERTURA 2026,PRIMERA B,Fecha 4,https://www.overtimebasquet.com/matchStats?match=69c12484c7b9e0c27faad78c&subtournament=698e632575876deb3b700fa0&tournament=698e5f8a75876deb3b700f2f,1,105
TORNEO APERTURA 2026,PRIMERA B,Fecha 4,https://www.overtimebasquet.com/matchStats?match=69c124a5c7b9e0c27faad815&subtournament=698e632575876deb3b700fa0&tournament=698e5f8a75876deb3b700f2f,1,106
TORNEO APERTURA 2026,PRIMERA B,Fecha 4,https://www.overtimebasquet.com/matchStats?match=69c124d3c7b9e0c27faad899&subtournament=698e632575876deb3b700fa0&tournament=698e5f8a75876deb3b700f2f,1,107
TORNEO APERTURA 2026,PRIMERA B,Fecha 4,https://www.overtimebasquet.com/matchStats?match=69c124efc7b9e0c27faad922&subtournament=698e632575876deb3b700fa0&tournament=698e5f8a75876deb3b700f2f,1,108
TORNEO APERTURA 2026,PRIMERA B,Fecha 4,https://www.overtimebasquet.com/matchStats?match=69c1250bc7b9e0c27faad9a4&subtournament=698e632575876deb3b700fa0&tournament=698e5f8a75876deb3b700f2f,1,109
TORNEO APERTURA 2026,PRIMERA B,Fecha 4,https://www.overtimebasquet.com/matchStats?match=69c12524c7b9e0c27faada34&subtournament=698e632575876deb3b700fa0&tournament=698e5f8a75876deb3b700f2f,1,110
TORNEO APERTURA 2026,PRIMERA B,Fecha 4,https://www.overtimebasquet.com/matchStats?match=69c125a0c7b9e0c27faadc15&subtournament=698e632575876deb3b700fa0&tournament=698e5f8a75876deb3b700f2f,1,111
TORNEO APERTURA 2026,PRIMERA B,Fecha 4,https://www.overtimebasquet.com/matchStats?match=69c125bec7b9e0c27faadcbd&subtournament=698e632575876deb3b700fa0&tournament=698e5f8a75876deb3b700f2f,1,112
TORNEO APERTURA 2026,PRIMERA B,Fecha 5,https://www.overtimebasquet.com/matchStats?match=69ca6f576de61e7caa3c8592&subtournament=698e632575876deb3b700fa0&tournament=698e5f8a75876deb3b700f2f,1,113
TORNEO APERTURA 2026,PRIMERA B,Fecha 5,https://www.overtimebasquet.com/matchStats?match=69ca6fd26de61e7caa3c87bb&subtournament=698e632575876deb3b700fa0&tournament=698e5f8a75876deb3b700f2f,1,114
TORNEO APERTURA 2026,PRIMERA B,Fecha 5,https://www.overtimebasquet.com/matchStats?match=69ca701c6de61e7caa3c893b&subtournament=698e632575876deb3b700fa0&tournament=698e5f8a75876deb3b700f2f,1,115
TORNEO APERTURA 2026,PRIMERA B,Fecha 5,https://www.overtimebasquet.com/matchStats?match=69ca70626de61e7caa3c8bb0&subtournament=698e632575876deb3b700fa0&tournament=698e5f8a75876deb3b700f2f,1,116
TORNEO APERTURA 2026,PRIMERA B,Fecha 5,https://www.overtimebasquet.com/matchStats?match=69ca70026de61e7caa3c8860&subtournament=698e632575876deb3b700fa0&tournament=698e5f8a75876deb3b700f2f,1,117
TORNEO APERTURA 2026,PRIMERA B,Fecha 5,https://www.overtimebasquet.com/matchStats?match=69ca70386de61e7caa3c8a61&subtournament=698e632575876deb3b700fa0&tournament=698e5f8a75876deb3b700f2f,1,118
TORNEO APERTURA 2026,PRIMERA B,Fecha 5,https://www.overtimebasquet.com/matchStats?match=69ca70876de61e7caa3c8c66&subtournament=698e632575876deb3b700fa0&tournament=698e5f8a75876deb3b700f2f,1,119
TORNEO APERTURA 2026,PRIMERA B,Fecha 5,https://www.overtimebasquet.com/matchStats?match=69ca70a86de61e7caa3c8d18&subtournament=698e632575876deb3b700fa0&tournament=698e5f8a75876deb3b700f2f,1,120
TORNEO APERTURA 2026,PRIMERA B,Fecha 5,https://www.overtimebasquet.com/matchStats?match=69ca70c86de61e7caa3c8dbd&subtournament=698e632575876deb3b700fa0&tournament=698e5f8a75876deb3b700f2f,1,121
TORNEO APERTURA 2026,PRIMERA B,Fecha 5,https://www.overtimebasquet.com/matchStats?match=69ca70e36de61e7caa3c8e7f&subtournament=698e632575876deb3b700fa0&tournament=698e5f8a75876deb3b700f2f,1,122
TORNEO APERTURA 2026,PRIMERA B,Fecha 5,https://www.overtimebasquet.com/matchStats?match=69ca71116de61e7caa3c8f19&subtournament=698e632575876deb3b700fa0&tournament=698e5f8a75876deb3b700f2f,1,123
TORNEO APERTURA 2026,PRIMERA C,Fecha 1,https://www.overtimebasquet.com/matchStats?match=69a235da75935f3eb90f9d6f&subtournament=698e633075876deb3b700fa9&tournament=698e5f8a75876deb3b700f2f,1,124
TORNEO APERTURA 2026,PRIMERA C,Fecha 1,https://www.overtimebasquet.com/matchStats?match=69a2366f75935f3eb90f9e2a&subtournament=698e633075876deb3b700fa9&tournament=698e5f8a75876deb3b700f2f,1,125
TORNEO APERTURA 2026,PRIMERA C,Fecha 1,https://www.overtimebasquet.com/matchStats?match=69a2364475935f3eb90f9de8&subtournament=698e633075876deb3b700fa9&tournament=698e5f8a75876deb3b700f2f,1,126
TORNEO APERTURA 2026,PRIMERA C,Fecha 1,https://www.overtimebasquet.com/matchStats?match=69a2360e75935f3eb90f9d8c&subtournament=698e633075876deb3b700fa9&tournament=698e5f8a75876deb3b700f2f,1,127
TORNEO APERTURA 2026,PRIMERA C,Fecha 1,https://www.overtimebasquet.com/matchStats?match=69a2369a75935f3eb90f9e64&subtournament=698e633075876deb3b700fa9&tournament=698e5f8a75876deb3b700f2f,1,128
TORNEO APERTURA 2026,PRIMERA C,Fecha 1,https://www.overtimebasquet.com/matchStats?match=69a2362175935f3eb90f9da8&subtournament=698e633075876deb3b700fa9&tournament=698e5f8a75876deb3b700f2f,1,129
TORNEO APERTURA 2026,PRIMERA C,Fecha 1,https://www.overtimebasquet.com/matchStats?match=69a235c975935f3eb90f9d52&subtournament=698e633075876deb3b700fa9&tournament=698e5f8a75876deb3b700f2f,1,130
TORNEO APERTURA 2026,PRIMERA C,Fecha 1,https://www.overtimebasquet.com/matchStats?match=69a2363375935f3eb90f9dcb&subtournament=698e633075876deb3b700fa9&tournament=698e5f8a75876deb3b700f2f,1,131
TORNEO APERTURA 2026,PRIMERA C,Fecha 1,https://www.overtimebasquet.com/matchStats?match=69a2368175935f3eb90f9e47&subtournament=698e633075876deb3b700fa9&tournament=698e5f8a75876deb3b700f2f,1,132
TORNEO APERTURA 2026,PRIMERA C,Fecha 1,https://www.overtimebasquet.com/matchStats?match=69a2365675935f3eb90f9e05&subtournament=698e633075876deb3b700fa9&tournament=698e5f8a75876deb3b700f2f,1,133
TORNEO APERTURA 2026,PRIMERA C,Fecha 1,https://www.overtimebasquet.com/matchStats?match=69a236ac75935f3eb90f9e81&subtournament=698e633075876deb3b700fa9&tournament=698e5f8a75876deb3b700f2f,1,134
TORNEO APERTURA 2026,PRIMERA C,Fecha 1,https://www.overtimebasquet.com/matchStats?match=69a236be75935f3eb90f9e9e&subtournament=698e633075876deb3b700fa9&tournament=698e5f8a75876deb3b700f2f,1,135
TORNEO APERTURA 2026,PRIMERA C,Fecha 2,https://www.overtimebasquet.com/matchStats?match=69aed6b79c0817b162c1371c&subtournament=698e633075876deb3b700fa9&tournament=698e5f8a75876deb3b700f2f,1,136
TORNEO APERTURA 2026,PRIMERA C,Fecha 2,https://www.overtimebasquet.com/matchStats?match=69aed6319c0817b162c135c9&subtournament=698e633075876deb3b700fa9&tournament=698e5f8a75876deb3b700f2f,1,137
TORNEO APERTURA 2026,PRIMERA C,Fecha 2,https://www.overtimebasquet.com/matchStats?match=69aed6519c0817b162c13610&subtournament=698e633075876deb3b700fa9&tournament=698e5f8a75876deb3b700f2f,1,138
TORNEO APERTURA 2026,PRIMERA C,Fecha 2,https://www.overtimebasquet.com/matchStats?match=69aed6679c0817b162c13653&subtournament=698e633075876deb3b700fa9&tournament=698e5f8a75876deb3b700f2f,1,139
TORNEO APERTURA 2026,PRIMERA C,Fecha 2,https://www.overtimebasquet.com/matchStats?match=69aed6859c0817b162c1369d&subtournament=698e633075876deb3b700fa9&tournament=698e5f8a75876deb3b700f2f,1,140
TORNEO APERTURA 2026,PRIMERA C,Fecha 2,https://www.overtimebasquet.com/matchStats?match=69aed69c9c0817b162c136cf&subtournament=698e633075876deb3b700fa9&tournament=698e5f8a75876deb3b700f2f,1,141
TORNEO APERTURA 2026,PRIMERA C,Fecha 2,https://www.overtimebasquet.com/matchStats?match=69aed6e99c0817b162c137bf&subtournament=698e633075876deb3b700fa9&tournament=698e5f8a75876deb3b700f2f,1,142
TORNEO APERTURA 2026,PRIMERA C,Fecha 2,https://www.overtimebasquet.com/matchStats?match=69aed6d29c0817b162c13776&subtournament=698e633075876deb3b700fa9&tournament=698e5f8a75876deb3b700f2f,1,143
TORNEO APERTURA 2026,PRIMERA C,Fecha 2,https://www.overtimebasquet.com/matchStats?match=69aed7209c0817b162c13862&subtournament=698e633075876deb3b700fa9&tournament=698e5f8a75876deb3b700f2f,1,144
TORNEO APERTURA 2026,PRIMERA C,Fecha 2,https://www.overtimebasquet.com/matchStats?match=69aed73e9c0817b162c138c0&subtournament=698e633075876deb3b700fa9&tournament=698e5f8a75876deb3b700f2f,1,145
TORNEO APERTURA 2026,PRIMERA C,Fecha 2,https://www.overtimebasquet.com/matchStats?match=69aed7679c0817b162c13917&subtournament=698e633075876deb3b700fa9&tournament=698e5f8a75876deb3b700f2f,1,146
TORNEO APERTURA 2026,PRIMERA C,Fecha 3,https://www.overtimebasquet.com/matchStats?match=69b7f0bd9a0728ba245f0c74&subtournament=698e633075876deb3b700fa9&tournament=698e5f8a75876deb3b700f2f,1,147
TORNEO APERTURA 2026,PRIMERA C,Fecha 3,https://www.overtimebasquet.com/matchStats?match=69b7f0d19a0728ba245f0cd5&subtournament=698e633075876deb3b700fa9&tournament=698e5f8a75876deb3b700f2f,1,148
TORNEO APERTURA 2026,PRIMERA C,Fecha 3,https://www.overtimebasquet.com/matchStats?match=69b7f11d9a0728ba245f0d52&subtournament=698e633075876deb3b700fa9&tournament=698e5f8a75876deb3b700f2f,1,149
TORNEO APERTURA 2026,PRIMERA C,Fecha 3,https://www.overtimebasquet.com/matchStats?match=69b7f1a19a0728ba245f0eca&subtournament=698e633075876deb3b700fa9&tournament=698e5f8a75876deb3b700f2f,1,150
TORNEO APERTURA 2026,PRIMERA C,Fecha 3,https://www.overtimebasquet.com/matchStats?match=69b7f1539a0728ba245f0e07&subtournament=698e633075876deb3b700fa9&tournament=698e5f8a75876deb3b700f2f,1,151
TORNEO APERTURA 2026,PRIMERA C,Fecha 3,https://www.overtimebasquet.com/matchStats?match=69b7f1e69a0728ba245f0f96&subtournament=698e633075876deb3b700fa9&tournament=698e5f8a75876deb3b700f2f,1,152
TORNEO APERTURA 2026,PRIMERA C,Fecha 3,https://www.overtimebasquet.com/matchStats?match=69b7f1d09a0728ba245f0f4c&subtournament=698e633075876deb3b700fa9&tournament=698e5f8a75876deb3b700f2f,1,153
TORNEO APERTURA 2026,PRIMERA C,Fecha 3,https://www.overtimebasquet.com/matchStats?match=69b7f1409a0728ba245f0db6&subtournament=698e633075876deb3b700fa9&tournament=698e5f8a75876deb3b700f2f,1,154
TORNEO APERTURA 2026,PRIMERA C,Fecha 3,https://www.overtimebasquet.com/matchStats?match=69b7f16e9a0728ba245f0e5a&subtournament=698e633075876deb3b700fa9&tournament=698e5f8a75876deb3b700f2f,1,155
TORNEO APERTURA 2026,PRIMERA C,Fecha 3,https://www.overtimebasquet.com/matchStats?match=69b7f2159a0728ba245f0fd3&subtournament=698e633075876deb3b700fa9&tournament=698e5f8a75876deb3b700f2f,1,156
TORNEO APERTURA 2026,PRIMERA C,Fecha 3,https://www.overtimebasquet.com/matchStats?match=69b7f2359a0728ba245f1035&subtournament=698e633075876deb3b700fa9&tournament=698e5f8a75876deb3b700f2f,1,157
TORNEO APERTURA 2026,PRIMERA C,Fecha 3,https://www.overtimebasquet.com/matchStats?match=69b7f2879a0728ba245f10fb&subtournament=698e633075876deb3b700fa9&tournament=698e5f8a75876deb3b700f2f,1,158
TORNEO APERTURA 2026,PRIMERA C,Fecha 4,https://www.overtimebasquet.com/matchStats?match=69c1267ec7b9e0c27faadeb4&subtournament=698e633075876deb3b700fa9&tournament=698e5f8a75876deb3b700f2f,1,159
TORNEO APERTURA 2026,PRIMERA C,Fecha 4,https://www.overtimebasquet.com/matchStats?match=69c12607c7b9e0c27faaddf3&subtournament=698e633075876deb3b700fa9&tournament=698e5f8a75876deb3b700f2f,1,160
TORNEO APERTURA 2026,PRIMERA C,Fecha 4,https://www.overtimebasquet.com/matchStats?match=69c12697c7b9e0c27faadf18&subtournament=698e633075876deb3b700fa9&tournament=698e5f8a75876deb3b700f2f,1,161
TORNEO APERTURA 2026,PRIMERA C,Fecha 4,https://www.overtimebasquet.com/matchStats?match=69c126e2c7b9e0c27faae062&subtournament=698e633075876deb3b700fa9&tournament=698e5f8a75876deb3b700f2f,1,162
TORNEO APERTURA 2026,PRIMERA C,Fecha 4,https://www.overtimebasquet.com/matchStats?match=69c126cac7b9e0c27faae006&subtournament=698e633075876deb3b700fa9&tournament=698e5f8a75876deb3b700f2f,1,163
TORNEO APERTURA 2026,PRIMERA C,Fecha 4,https://www.overtimebasquet.com/matchStats?match=69c12665c7b9e0c27faade5b&subtournament=698e633075876deb3b700fa9&tournament=698e5f8a75876deb3b700f2f,1,164
TORNEO APERTURA 2026,PRIMERA C,Fecha 4,https://www.overtimebasquet.com/matchStats?match=69c126b2c7b9e0c27faadf89&subtournament=698e633075876deb3b700fa9&tournament=698e5f8a75876deb3b700f2f,1,165
TORNEO APERTURA 2026,PRIMERA C,Fecha 4,https://www.overtimebasquet.com/matchStats?match=69c1271ac7b9e0c27faae0f5&subtournament=698e633075876deb3b700fa9&tournament=698e5f8a75876deb3b700f2f,1,166
TORNEO APERTURA 2026,PRIMERA C,Fecha 4,https://www.overtimebasquet.com/matchStats?match=69c1281dc7b9e0c27faae17a&subtournament=698e633075876deb3b700fa9&tournament=698e5f8a75876deb3b700f2f,1,167
TORNEO APERTURA 2026,PRIMERA C,Fecha 5,https://www.overtimebasquet.com/matchStats?match=69ca72946de61e7caa3c94b3&subtournament=698e633075876deb3b700fa9&tournament=698e5f8a75876deb3b700f2f,1,168
TORNEO APERTURA 2026,PRIMERA C,Fecha 5,https://www.overtimebasquet.com/matchStats?match=69ca72af6de61e7caa3c955c&subtournament=698e633075876deb3b700fa9&tournament=698e5f8a75876deb3b700f2f,1,169
TORNEO APERTURA 2026,PRIMERA C,Fecha 5,https://www.overtimebasquet.com/matchStats?match=69ca71f66de61e7caa3c91b6&subtournament=698e633075876deb3b700fa9&tournament=698e5f8a75876deb3b700f2f,1,170
TORNEO APERTURA 2026,PRIMERA C,Fecha 5,https://www.overtimebasquet.com/matchStats?match=69ca71996de61e7caa3c9073&subtournament=698e633075876deb3b700fa9&tournament=698e5f8a75876deb3b700f2f,1,171
TORNEO APERTURA 2026,PRIMERA C,Fecha 5,https://www.overtimebasquet.com/matchStats?match=69ca72556de61e7caa3c9338&subtournament=698e633075876deb3b700fa9&tournament=698e5f8a75876deb3b700f2f,1,172
TORNEO APERTURA 2026,PRIMERA C,Fecha 5,https://www.overtimebasquet.com/matchStats?match=69ca71da6de61e7caa3c9129&subtournament=698e633075876deb3b700fa9&tournament=698e5f8a75876deb3b700f2f,1,173
TORNEO APERTURA 2026,PRIMERA C,Fecha 5,https://www.overtimebasquet.com/matchStats?match=69ca72156de61e7caa3c9230&subtournament=698e633075876deb3b700fa9&tournament=698e5f8a75876deb3b700f2f,1,174
TORNEO APERTURA 2026,PRIMERA C,Fecha 5,https://www.overtimebasquet.com/matchStats?match=69ca72326de61e7caa3c92d3&subtournament=698e633075876deb3b700fa9&tournament=698e5f8a75876deb3b700f2f,1,175
TORNEO APERTURA 2026,PRIMERA C,Fecha 5,https://www.overtimebasquet.com/matchStats?match=69ca72796de61e7caa3c9440&subtournament=698e633075876deb3b700fa9&tournament=698e5f8a75876deb3b700f2f,1,176
TORNEO APERTURA 2026,PRIMERA C,Fecha 5,https://www.overtimebasquet.com/matchStats?match=69ca72cb6de61e7caa3c95d4&subtournament=698e633075876deb3b700fa9&tournament=698e5f8a75876deb3b700f2f,1,177
TORNEO APERTURA 2026,PRIMERA C,Fecha 5,https://www.overtimebasquet.com/matchStats?match=69ca73006de61e7caa3c9667&subtournament=698e633075876deb3b700fa9&tournament=698e5f8a75876deb3b700f2f,1,178
TORNEO APERTURA 2026,PRIMERA D,Fecha 1,https://www.overtimebasquet.com/matchStats?match=69a236d675935f3eb90f9eb9&subtournament=698e633d75876deb3b700fb2&tournament=698e5f8a75876deb3b700f2f,1,179
TORNEO APERTURA 2026,PRIMERA D,Fecha 1,https://www.overtimebasquet.com/matchStats?match=69a2371575935f3eb90f9f35&subtournament=698e633d75876deb3b700fb2&tournament=698e5f8a75876deb3b700f2f,1,180
TORNEO APERTURA 2026,PRIMERA D,Fecha 1,https://www.overtimebasquet.com/matchStats?match=69a2370475935f3eb90f9f18&subtournament=698e633d75876deb3b700fb2&tournament=698e5f8a75876deb3b700f2f,1,181
TORNEO APERTURA 2026,PRIMERA D,Fecha 1,https://www.overtimebasquet.com/matchStats?match=69a2373c75935f3eb90f9f6f&subtournament=698e633d75876deb3b700fb2&tournament=698e5f8a75876deb3b700f2f,1,182
TORNEO APERTURA 2026,PRIMERA D,Fecha 1,https://www.overtimebasquet.com/matchStats?match=69a2372775935f3eb90f9f52&subtournament=698e633d75876deb3b700fb2&tournament=698e5f8a75876deb3b700f2f,1,183
TORNEO APERTURA 2026,PRIMERA D,Fecha 1,https://www.overtimebasquet.com/matchStats?match=69a237b775935f3eb90f9fc6&subtournament=698e633d75876deb3b700fb2&tournament=698e5f8a75876deb3b700f2f,1,184
TORNEO APERTURA 2026,PRIMERA D,Fecha 1,https://www.overtimebasquet.com/matchStats?match=69a2377875935f3eb90f9f8c&subtournament=698e633d75876deb3b700fb2&tournament=698e5f8a75876deb3b700f2f,1,185
TORNEO APERTURA 2026,PRIMERA D,Fecha 1,https://www.overtimebasquet.com/matchStats?match=69a236f275935f3eb90f9efb&subtournament=698e633d75876deb3b700fb2&tournament=698e5f8a75876deb3b700f2f,1,186
TORNEO APERTURA 2026,PRIMERA D,Fecha 1,https://www.overtimebasquet.com/matchStats?match=69a237a575935f3eb90f9fa9&subtournament=698e633d75876deb3b700fb2&tournament=698e5f8a75876deb3b700f2f,1,187
TORNEO APERTURA 2026,PRIMERA D,Fecha 1,https://www.overtimebasquet.com/matchStats?match=69a237c975935f3eb90f9fe2&subtournament=698e633d75876deb3b700fb2&tournament=698e5f8a75876deb3b700f2f,1,188
TORNEO APERTURA 2026,PRIMERA D,Fecha 1,https://www.overtimebasquet.com/matchStats?match=69a237da75935f3eb90f9fff&subtournament=698e633d75876deb3b700fb2&tournament=698e5f8a75876deb3b700f2f,1,189
TORNEO APERTURA 2026,PRIMERA D,Fecha 1,https://www.overtimebasquet.com/matchStats?match=69a237ef75935f3eb90fa020&subtournament=698e633d75876deb3b700fb2&tournament=698e5f8a75876deb3b700f2f,1,190
TORNEO APERTURA 2026,PRIMERA D,Fecha 2,https://www.overtimebasquet.com/matchStats?match=69aed8469c0817b162c1399e&subtournament=698e633d75876deb3b700fb2&tournament=698e5f8a75876deb3b700f2f,1,191
TORNEO APERTURA 2026,PRIMERA D,Fecha 2,https://www.overtimebasquet.com/matchStats?match=69aed85c9c0817b162c139fb&subtournament=698e633d75876deb3b700fb2&tournament=698e5f8a75876deb3b700f2f,1,192
TORNEO APERTURA 2026,PRIMERA D,Fecha 2,https://www.overtimebasquet.com/matchStats?match=69aed8a79c0817b162c13adb&subtournament=698e633d75876deb3b700fb2&tournament=698e5f8a75876deb3b700f2f,1,193
TORNEO APERTURA 2026,PRIMERA D,Fecha 2,https://www.overtimebasquet.com/matchStats?match=69aed8909c0817b162c13a91&subtournament=698e633d75876deb3b700fb2&tournament=698e5f8a75876deb3b700f2f,1,194
TORNEO APERTURA 2026,PRIMERA D,Fecha 2,https://www.overtimebasquet.com/matchStats?match=69aed9479c0817b162c13cf1&subtournament=698e633d75876deb3b700fb2&tournament=698e5f8a75876deb3b700f2f,1,195
TORNEO APERTURA 2026,PRIMERA D,Fecha 2,https://www.overtimebasquet.com/matchStats?match=69aed9319c0817b162c13c8e&subtournament=698e633d75876deb3b700fb2&tournament=698e5f8a75876deb3b700f2f,1,196
TORNEO APERTURA 2026,PRIMERA D,Fecha 2,https://www.overtimebasquet.com/matchStats?match=69aed8759c0817b162c13a46&subtournament=698e633d75876deb3b700fb2&tournament=698e5f8a75876deb3b700f2f,1,197
TORNEO APERTURA 2026,PRIMERA D,Fecha 2,https://www.overtimebasquet.com/matchStats?match=69aed8c09c0817b162c13b22&subtournament=698e633d75876deb3b700fb2&tournament=698e5f8a75876deb3b700f2f,1,198
TORNEO APERTURA 2026,PRIMERA D,Fecha 2,https://www.overtimebasquet.com/matchStats?match=69aed8d89c0817b162c13b58&subtournament=698e633d75876deb3b700fb2&tournament=698e5f8a75876deb3b700f2f,1,199
TORNEO APERTURA 2026,PRIMERA D,Fecha 2,https://www.overtimebasquet.com/matchStats?match=69aed8f39c0817b162c13bba&subtournament=698e633d75876deb3b700fb2&tournament=698e5f8a75876deb3b700f2f,1,200
TORNEO APERTURA 2026,PRIMERA D,Fecha 2,https://www.overtimebasquet.com/matchStats?match=69aed9179c0817b162c13c14&subtournament=698e633d75876deb3b700fb2&tournament=698e5f8a75876deb3b700f2f,1,201
TORNEO APERTURA 2026,PRIMERA D,Fecha 3,https://www.overtimebasquet.com/matchStats?match=69b7f2bd9a0728ba245f1170&subtournament=698e633d75876deb3b700fb2&tournament=698e5f8a75876deb3b700f2f,1,202
TORNEO APERTURA 2026,PRIMERA D,Fecha 3,https://www.overtimebasquet.com/matchStats?match=69b7f2d39a0728ba245f11d0&subtournament=698e633d75876deb3b700fb2&tournament=698e5f8a75876deb3b700f2f,1,203
TORNEO APERTURA 2026,PRIMERA D,Fecha 3,https://www.overtimebasquet.com/matchStats?match=69b7f2ea9a0728ba245f1249&subtournament=698e633d75876deb3b700fb2&tournament=698e5f8a75876deb3b700f2f,1,204
TORNEO APERTURA 2026,PRIMERA D,Fecha 3,https://www.overtimebasquet.com/matchStats?match=69b7f2fe9a0728ba245f12af&subtournament=698e633d75876deb3b700fb2&tournament=698e5f8a75876deb3b700f2f,1,205
TORNEO APERTURA 2026,PRIMERA D,Fecha 3,https://www.overtimebasquet.com/matchStats?match=69b7f3539a0728ba245f143d&subtournament=698e633d75876deb3b700fb2&tournament=698e5f8a75876deb3b700f2f,1,206
TORNEO APERTURA 2026,PRIMERA D,Fecha 3,https://www.overtimebasquet.com/matchStats?match=69b7f3699a0728ba245f14b1&subtournament=698e633d75876deb3b700fb2&tournament=698e5f8a75876deb3b700f2f,1,207
TORNEO APERTURA 2026,PRIMERA D,Fecha 3,https://www.overtimebasquet.com/matchStats?match=69b7f3129a0728ba245f1327&subtournament=698e633d75876deb3b700fb2&tournament=698e5f8a75876deb3b700f2f,1,208
TORNEO APERTURA 2026,PRIMERA D,Fecha 3,https://www.overtimebasquet.com/matchStats?match=69b7f37e9a0728ba245f1520&subtournament=698e633d75876deb3b700fb2&tournament=698e5f8a75876deb3b700f2f,1,209
TORNEO APERTURA 2026,PRIMERA D,Fecha 3,https://www.overtimebasquet.com/matchStats?match=69b7f3289a0728ba245f1399&subtournament=698e633d75876deb3b700fb2&tournament=698e5f8a75876deb3b700f2f,1,210
TORNEO APERTURA 2026,PRIMERA D,Fecha 3,https://www.overtimebasquet.com/matchStats?match=69b7f3959a0728ba245f15a6&subtournament=698e633d75876deb3b700fb2&tournament=698e5f8a75876deb3b700f2f,1,211
TORNEO APERTURA 2026,PRIMERA D,Fecha 3,https://www.overtimebasquet.com/matchStats?match=69b7f3ae9a0728ba245f15fc&subtournament=698e633d75876deb3b700fb2&tournament=698e5f8a75876deb3b700f2f,1,212
TORNEO APERTURA 2026,PRIMERA D,Fecha 3,https://www.overtimebasquet.com/matchStats?match=69bb1b3287c86b6a10b466ac&subtournament=698e633d75876deb3b700fb2&tournament=698e5f8a75876deb3b700f2f,1,213
TORNEO APERTURA 2026,PRIMERA D,Fecha 4,https://www.overtimebasquet.com/matchStats?match=69c128c3c7b9e0c27faae335&subtournament=698e633d75876deb3b700fb2&tournament=698e5f8a75876deb3b700f2f,1,214
TORNEO APERTURA 2026,PRIMERA D,Fecha 4,https://www.overtimebasquet.com/matchStats?match=69c128e3c7b9e0c27faae3df&subtournament=698e633d75876deb3b700fb2&tournament=698e5f8a75876deb3b700f2f,1,215
TORNEO APERTURA 2026,PRIMERA D,Fecha 4,https://www.overtimebasquet.com/matchStats?match=69c1295ac7b9e0c27faae699&subtournament=698e633d75876deb3b700fb2&tournament=698e5f8a75876deb3b700f2f,1,216
TORNEO APERTURA 2026,PRIMERA D,Fecha 4,https://www.overtimebasquet.com/matchStats?match=69c128ffc7b9e0c27faae4af&subtournament=698e633d75876deb3b700fb2&tournament=698e5f8a75876deb3b700f2f,1,217
TORNEO APERTURA 2026,PRIMERA D,Fecha 4,https://www.overtimebasquet.com/matchStats?match=69c129dbc7b9e0c27faae90d&subtournament=698e633d75876deb3b700fb2&tournament=698e5f8a75876deb3b700f2f,1,218
TORNEO APERTURA 2026,PRIMERA D,Fecha 4,https://www.overtimebasquet.com/matchStats?match=69c129f4c7b9e0c27faae993&subtournament=698e633d75876deb3b700fb2&tournament=698e5f8a75876deb3b700f2f,1,219
TORNEO APERTURA 2026,PRIMERA D,Fecha 4,https://www.overtimebasquet.com/matchStats?match=69c1291bc7b9e0c27faae520&subtournament=698e633d75876deb3b700fb2&tournament=698e5f8a75876deb3b700f2f,1,220
TORNEO APERTURA 2026,PRIMERA D,Fecha 4,https://www.overtimebasquet.com/matchStats?match=69c12938c7b9e0c27faae57e&subtournament=698e633d75876deb3b700fb2&tournament=698e5f8a75876deb3b700f2f,1,221
TORNEO APERTURA 2026,PRIMERA D,Fecha 4,https://www.overtimebasquet.com/matchStats?match=69c12974c7b9e0c27faae736&subtournament=698e633d75876deb3b700fb2&tournament=698e5f8a75876deb3b700f2f,1,222
TORNEO APERTURA 2026,PRIMERA D,Fecha 4,https://www.overtimebasquet.com/matchStats?match=69c12997c7b9e0c27faae7cd&subtournament=698e633d75876deb3b700fb2&tournament=698e5f8a75876deb3b700f2f,1,223
TORNEO APERTURA 2026,PRIMERA D,Fecha 4,https://www.overtimebasquet.com/matchStats?match=69c129c1c7b9e0c27faae871&subtournament=698e633d75876deb3b700fb2&tournament=698e5f8a75876deb3b700f2f,1,224
TORNEO APERTURA 2026,PRIMERA D,Fecha 4,https://www.overtimebasquet.com/matchStats?match=69c12a15c7b9e0c27faae9f1&subtournament=698e633d75876deb3b700fb2&tournament=698e5f8a75876deb3b700f2f,1,225
TORNEO APERTURA 2026,PRIMERA D,Fecha 5,https://www.overtimebasquet.com/matchStats?match=69ca735f6de61e7caa3c988e&subtournament=698e633d75876deb3b700fb2&tournament=698e5f8a75876deb3b700f2f,1,226
TORNEO APERTURA 2026,PRIMERA D,Fecha 5,https://www.overtimebasquet.com/matchStats?match=69ca73846de61e7caa3c993b&subtournament=698e633d75876deb3b700fb2&tournament=698e5f8a75876deb3b700f2f,1,227
TORNEO APERTURA 2026,PRIMERA D,Fecha 5,https://www.overtimebasquet.com/matchStats?match=69ca73fe6de61e7caa3c9b02&subtournament=698e633d75876deb3b700fb2&tournament=698e5f8a75876deb3b700f2f,1,228
TORNEO APERTURA 2026,PRIMERA D,Fecha 5,https://www.overtimebasquet.com/matchStats?match=69ca73ba6de61e7caa3c99d2&subtournament=698e633d75876deb3b700fb2&tournament=698e5f8a75876deb3b700f2f,1,229
TORNEO APERTURA 2026,PRIMERA D,Fecha 5,https://www.overtimebasquet.com/matchStats?match=69ca74816de61e7caa3c9c4e&subtournament=698e633d75876deb3b700fb2&tournament=698e5f8a75876deb3b700f2f,1,230
TORNEO APERTURA 2026,PRIMERA D,Fecha 5,https://www.overtimebasquet.com/matchStats?match=69ca74bf6de61e7caa3c9d77&subtournament=698e633d75876deb3b700fb2&tournament=698e5f8a75876deb3b700f2f,1,231
TORNEO APERTURA 2026,PRIMERA D,Fecha 5,https://www.overtimebasquet.com/matchStats?match=69ca74dd6de61e7caa3c9e23&subtournament=698e633d75876deb3b700fb2&tournament=698e5f8a75876deb3b700f2f,1,232
TORNEO APERTURA 2026,PRIMERA D,Fecha 5,https://www.overtimebasquet.com/matchStats?match=69ca75556de61e7caa3ca070&subtournament=698e633d75876deb3b700fb2&tournament=698e5f8a75876deb3b700f2f,1,233
TORNEO APERTURA 2026,PRIMERA D,Fecha 5,https://www.overtimebasquet.com/matchStats?match=69ca75176de61e7caa3c9edd&subtournament=698e633d75876deb3b700fb2&tournament=698e5f8a75876deb3b700f2f,1,234
TORNEO APERTURA 2026,PRIMERA D,Fecha 5,https://www.overtimebasquet.com/matchStats?match=69ca75726de61e7caa3ca120&subtournament=698e633d75876deb3b700fb2&tournament=698e5f8a75876deb3b700f2f,1,235
TORNEO APERTURA 2026,PRIMERA D,Fecha 5,https://www.overtimebasquet.com/matchStats?match=69ca75936de61e7caa3ca173&subtournament=698e633d75876deb3b700fb2&tournament=698e5f8a75876deb3b700f2f,1,236
TORNEO APERTURA 2026,PRIMERA E,Fecha 1,https://www.overtimebasquet.com/matchStats?match=69a2381175935f3eb90fa050&subtournament=698e634c75876deb3b700fbb&tournament=698e5f8a75876deb3b700f2f,1,237
TORNEO APERTURA 2026,PRIMERA E,Fecha 1,https://www.overtimebasquet.com/matchStats?match=69a2382575935f3eb90fa06b&subtournament=698e634c75876deb3b700fbb&tournament=698e5f8a75876deb3b700f2f,1,238
TORNEO APERTURA 2026,PRIMERA E,Fecha 1,https://www.overtimebasquet.com/matchStats?match=69a2384675935f3eb90fa0a1&subtournament=698e634c75876deb3b700fbb&tournament=698e5f8a75876deb3b700f2f,1,239
TORNEO APERTURA 2026,PRIMERA E,Fecha 1,https://www.overtimebasquet.com/matchStats?match=69a2383675935f3eb90fa086&subtournament=698e634c75876deb3b700fbb&tournament=698e5f8a75876deb3b700f2f,1,240
TORNEO APERTURA 2026,PRIMERA E,Fecha 1,https://www.overtimebasquet.com/matchStats?match=69a2386e75935f3eb90fa0d7&subtournament=698e634c75876deb3b700fbb&tournament=698e5f8a75876deb3b700f2f,1,241
TORNEO APERTURA 2026,PRIMERA E,Fecha 2,https://www.overtimebasquet.com/matchStats?match=69aed9df9c0817b162c13da3&subtournament=698e634c75876deb3b700fbb&tournament=698e5f8a75876deb3b700f2f,1,242
TORNEO APERTURA 2026,PRIMERA E,Fecha 2,https://www.overtimebasquet.com/matchStats?match=69aed9c99c0817b162c13d79&subtournament=698e634c75876deb3b700fbb&tournament=698e5f8a75876deb3b700f2f,1,243
TORNEO APERTURA 2026,PRIMERA E,Fecha 2,https://www.overtimebasquet.com/matchStats?match=69aeda319c0817b162c13e2a&subtournament=698e634c75876deb3b700fbb&tournament=698e5f8a75876deb3b700f2f,1,244
TORNEO APERTURA 2026,PRIMERA E,Fecha 2,https://www.overtimebasquet.com/matchStats?match=69aeda139c0817b162c13df1&subtournament=698e634c75876deb3b700fbb&tournament=698e5f8a75876deb3b700f2f,1,245
TORNEO APERTURA 2026,PRIMERA E,Fecha 2,https://www.overtimebasquet.com/matchStats?match=69aed9f69c0817b162c13dd2&subtournament=698e634c75876deb3b700fbb&tournament=698e5f8a75876deb3b700f2f,1,246
TORNEO APERTURA 2026,PRIMERA E,Fecha 2,https://www.overtimebasquet.com/matchStats?match=69aeda549c0817b162c13e7f&subtournament=698e634c75876deb3b700fbb&tournament=698e5f8a75876deb3b700f2f,1,247
TORNEO APERTURA 2026,PRIMERA E,Fecha 3,https://www.overtimebasquet.com/matchStats?match=69b7f3ea9a0728ba245f1679&subtournament=698e634c75876deb3b700fbb&tournament=698e5f8a75876deb3b700f2f,1,248
TORNEO APERTURA 2026,PRIMERA E,Fecha 3,https://www.overtimebasquet.com/matchStats?match=69b7f4059a0728ba245f1716&subtournament=698e634c75876deb3b700fbb&tournament=698e5f8a75876deb3b700f2f,1,249
TORNEO APERTURA 2026,PRIMERA E,Fecha 3,https://www.overtimebasquet.com/matchStats?match=69b7f42d9a0728ba245f17a8&subtournament=698e634c75876deb3b700fbb&tournament=698e5f8a75876deb3b700f2f,1,250
TORNEO APERTURA 2026,PRIMERA E,Fecha 3,https://www.overtimebasquet.com/matchStats?match=69b7f4539a0728ba245f17e9&subtournament=698e634c75876deb3b700fbb&tournament=698e5f8a75876deb3b700f2f,1,251
TORNEO APERTURA 2026,PRIMERA E,Fecha 3,https://www.overtimebasquet.com/matchStats?match=69b7f41a9a0728ba245f1745&subtournament=698e634c75876deb3b700fbb&tournament=698e5f8a75876deb3b700f2f,1,252
TORNEO APERTURA 2026,PRIMERA E,Fecha 3,https://www.overtimebasquet.com/matchStats?match=69b7f46c9a0728ba245f1849&subtournament=698e634c75876deb3b700fbb&tournament=698e5f8a75876deb3b700f2f,1,253
TORNEO APERTURA 2026,PRIMERA E,Fecha 4,https://www.overtimebasquet.com/matchStats?match=69c12ba1c7b9e0c27faaea6a&subtournament=698e634c75876deb3b700fbb&tournament=698e5f8a75876deb3b700f2f,1,254
TORNEO APERTURA 2026,PRIMERA E,Fecha 4,https://www.overtimebasquet.com/matchStats?match=69c12bbfc7b9e0c27faaeafc&subtournament=698e634c75876deb3b700fbb&tournament=698e5f8a75876deb3b700f2f,1,255
TORNEO APERTURA 2026,PRIMERA E,Fecha 4,https://www.overtimebasquet.com/matchStats?match=69c12bd6c7b9e0c27faaeb85&subtournament=698e634c75876deb3b700fbb&tournament=698e5f8a75876deb3b700f2f,1,256
TORNEO APERTURA 2026,PRIMERA E,Fecha 4,https://www.overtimebasquet.com/matchStats?match=69c12bedc7b9e0c27faaebe2&subtournament=698e634c75876deb3b700fbb&tournament=698e5f8a75876deb3b700f2f,1,257
TORNEO APERTURA 2026,PRIMERA E,Fecha 4,https://www.overtimebasquet.com/matchStats?match=69c12c05c7b9e0c27faaec4f&subtournament=698e634c75876deb3b700fbb&tournament=698e5f8a75876deb3b700f2f,1,258
TORNEO APERTURA 2026,PRIMERA E,Fecha 4,https://www.overtimebasquet.com/matchStats?match=69c12c1ec7b9e0c27faaeced&subtournament=698e634c75876deb3b700fbb&tournament=698e5f8a75876deb3b700f2f,1,259
TORNEO APERTURA 2026,PRIMERA E,Fecha 5,https://www.overtimebasquet.com/matchStats?match=69ca77986de61e7caa3ca68e&subtournament=698e634c75876deb3b700fbb&tournament=698e5f8a75876deb3b700f2f,1,260
TORNEO APERTURA 2026,PRIMERA E,Fecha 5,https://www.overtimebasquet.com/matchStats?match=69ca77b06de61e7caa3ca723&subtournament=698e634c75876deb3b700fbb&tournament=698e5f8a75876deb3b700f2f,1,261
TORNEO APERTURA 2026,PRIMERA E,Fecha 5,https://www.overtimebasquet.com/matchStats?match=69ca77c86de61e7caa3ca7b7&subtournament=698e634c75876deb3b700fbb&tournament=698e5f8a75876deb3b700f2f,1,262
TORNEO APERTURA 2026,PRIMERA E,Fecha 5,https://www.overtimebasquet.com/matchStats?match=69ca77e36de61e7caa3ca847&subtournament=698e634c75876deb3b700fbb&tournament=698e5f8a75876deb3b700f2f,1,263
